OrderID,Date,Customer,Product,Category,Quantity,Price
1001,2/17/2023,Rohit Gupta,Chair,Furniture,2,1999
1002,3/4/2023,Amit Sharma,Marker,Stationery,4,35
1003,8/31/2023,Rahul Mehta,Headphones,Electronics,2,1299
1004,8/27/2023,Rohit Gupta,Desk,Furniture,4,3499
1005,12/22/2023,Rahul Mehta,Headphones,Electronics,4,1299
1006,4/12/2023,Rahul Mehta,Marker,Stationery,1,35
1007,4/5/2023,Amit Sharma,Notebook,Stationery,3,99
1008,4/23/2023,Amit Sharma,Marker,Stationery,1,35
1009,7/9/2023,Amit Sharma,Chair,Furniture,3,1999
1010,5/9/2023,Amit Sharma,Smartphone,Electronics,1,15999
1011,1/4/2023,Priya Singh,Mouse,Electronics,5,499
1012,7/30/2023,Rohit Gupta,Smartphone,Electronics,5,15999
1013,8/14/2023,Rohit Gupta,Laptop,Electronics,2,45999
1014,5/29/2023,Rohit Gupta,Notebook,Stationery,2,99
1015,11/25/2023,Priya Singh,Marker,Stationery,3,35
1016,3/4/2023,Priya Singh,Marker,Stationery,4,35
1017,9/5/2023,Neha Verma,Headphones,Electronics,5,1299
1018,3/16/2023,Amit Sharma,Laptop,Electronics,3,45999
1019,10/16/2023,Rahul Mehta,Printer,Electronics,2,8999
1020,1/17/2023,Amit Sharma,Desk,Furniture,1,3499
1021,11/18/2023,Amit Sharma,Chair,Furniture,5,1999
1022,10/11/2023,Priya Singh,Smartphone,Electronics,2,15999
1023,4/20/2023,Neha Verma,Desk,Furniture,3,3499
1024,8/2/2023,Amit Sharma,Pen,Stationery,5,20
1025,9/20/2023,Neha Verma,Notebook,Stationery,3,99
1026,5/15/2023,Rohit Gupta,Notebook,Stationery,5,99
1027,10/23/2023,Rahul Mehta,Desk,Furniture,2,3499
1028,12/21/2023,Anjali Chauhan,Laptop,Electronics,1,45999
1029,5/21/2023,Rahul Mehta,Laptop,Electronics,5,45999
1030,8/31/2023,Neha Verma,Laptop,Electronics,3,45999
1031,7/2/2023,Rohit Gupta,Pen,Stationery,1,20
1032,10/1/2023,Rohit Gupta,Mouse,Electronics,2,499
1033,5/23/2023,Priya Singh,Headphones,Electronics,4,1299
1034,9/15/2023,Rahul Mehta,Notebook,Stationery,4,99
1035,8/26/2023,Priya Singh,Smartphone,Electronics,4,15999
1036,12/14/2023,Amit Sharma,Notebook,Stationery,3,99
1037,6/3/2023,Neha Verma,Notebook,Stationery,1,99
1038,1/27/2023,Neha Verma,Marker,Stationery,1,35
1039,3/16/2023,Amit Sharma,Printer,Electronics,5,8999
1040,7/10/2023,Anjali Chauhan,Chair,Furniture,4,1999
1041,1/27/2023,Anjali Chauhan,Notebook,Stationery,5,99
1042,6/9/2023,Rohit Gupta,Marker,Stationery,2,35
1043,5/5/2023,Amit Sharma,Desk,Furniture,2,3499
1044,10/21/2023,Anjali Chauhan,Desk,Furniture,4,3499
1045,8/30/2023,Rohit Gupta,Chair,Furniture,4,1999
1046,7/20/2023,Neha Verma,Printer,Electronics,3,8999
1047,5/2/2023,Rahul Mehta,Marker,Stationery,5,35
1048,4/17/2023,Rahul Mehta,Smartphone,Electronics,3,15999
1049,5/2/2023,Priya Singh,Desk,Furniture,4,3499
1050,4/25/2023,Rahul Mehta,Desk,Furniture,4,3499
1051,3/7/2023,Anjali Chauhan,Laptop,Electronics,1,45999
1052,4/30/2023,Amit Sharma,Mouse,Electronics,4,499
1053,8/14/2023,Priya Singh,Notebook,Stationery,3,99
1054,3/20/2023,Rohit Gupta,Laptop,Electronics,1,45999
1055,10/5/2023,Neha Verma,Mouse,Electronics,4,499
1056,11/30/2023,Neha Verma,Desk,Furniture,4,3499
1057,11/14/2023,Priya Singh,Pen,Stationery,1,20
1058,1/14/2023,Neha Verma,Printer,Electronics,5,8999
1059,9/8/2023,Rohit Gupta,Printer,Electronics,1,8999
1060,1/22/2023,Neha Verma,Desk,Furniture,2,3499
1061,11/22/2023,Rohit Gupta,Notebook,Stationery,5,99
1062,11/7/2023,Neha Verma,Pen,Stationery,1,20
1063,6/20/2023,Priya Singh,Smartphone,Electronics,3,15999
1064,12/31/2023,Neha Verma,Notebook,Stationery,4,99
1065,5/27/2023,Amit Sharma,Pen,Stationery,3,20
1066,4/17/2023,Priya Singh,Desk,Furniture,3,3499
1067,6/22/2023,Rahul Mehta,Desk,Furniture,3,3499
1068,2/6/2023,Priya Singh,Laptop,Electronics,2,45999
1069,12/4/2023,Neha Verma,Printer,Electronics,3,8999
1070,11/11/2023,Priya Singh,Laptop,Electronics,5,45999
1071,10/3/2023,Neha Verma,Smartphone,Electronics,4,15999
1072,8/14/2023,Amit Sharma,Desk,Furniture,3,3499
1073,6/3/2023,Priya Singh,Chair,Furniture,4,1999
1074,9/30/2023,Amit Sharma,Smartphone,Electronics,2,15999
1075,9/10/2023,Rohit Gupta,Headphones,Electronics,5,1299
1076,6/13/2023,Rohit Gupta,Laptop,Electronics,3,45999
1077,12/29/2023,Amit Sharma,Pen,Stationery,1,20
1078,7/29/2023,Anjali Chauhan,Marker,Stationery,1,35
1079,3/13/2023,Neha Verma,Headphones,Electronics,3,1299
1080,8/11/2023,Priya Singh,Smartphone,Electronics,4,15999
1081,12/23/2023,Rahul Mehta,Desk,Furniture,3,3499
1082,1/20/2023,Rahul Mehta,Printer,Electronics,5,8999
1083,3/30/2023,Amit Sharma,Laptop,Electronics,2,45999
1084,12/30/2023,Rohit Gupta,Chair,Furniture,5,1999
1085,3/9/2023,Amit Sharma,Headphones,Electronics,3,1299
1086,11/21/2023,Rohit Gupta,Headphones,Electronics,4,1299
1087,9/7/2023,Anjali Chauhan,Desk,Furniture,4,3499
1088,1/8/2023,Rahul Mehta,Notebook,Stationery,2,99
1089,5/18/2023,Neha Verma,Headphones,Electronics,3,1299
1090,10/19/2023,Priya Singh,Printer,Electronics,4,8999
1091,3/8/2023,Priya Singh,Smartphone,Electronics,3,15999
1092,5/23/2023,Priya Singh,Laptop,Electronics,5,45999
1093,10/3/2023,Amit Sharma,Desk,Furniture,5,3499
1094,8/29/2023,Rohit Gupta,Marker,Stationery,4,35
1095,5/23/2023,Neha Verma,Chair,Furniture,1,1999
1096,12/22/2023,Rohit Gupta,Mouse,Electronics,3,499
1097,7/28/2023,Anjali Chauhan,Printer,Electronics,4,8999
1098,6/11/2023,Amit Sharma,Marker,Stationery,1,35
1099,12/19/2023,Rahul Mehta,Marker,Stationery,3,35
1100,3/8/2023,Priya Singh,Notebook,Stationery,2,99
1101,5/18/2023,Rahul Mehta,Smartphone,Electronics,5,15999
1102,3/5/2023,Rohit Gupta,Pen,Stationery,4,20
1103,12/8/2023,Rahul Mehta,Laptop,Electronics,5,45999
1104,6/29/2023,Rohit Gupta,Printer,Electronics,1,8999
1105,11/1/2023,Neha Verma,Desk,Furniture,2,3499
1106,10/7/2023,Priya Singh,Chair,Furniture,4,1999
1107,1/10/2023,Rahul Mehta,Notebook,Stationery,1,99
1108,3/8/2023,Neha Verma,Marker,Stationery,3,35
1109,2/25/2023,Anjali Chauhan,Printer,Electronics,1,8999
1110,5/17/2023,Rohit Gupta,Mouse,Electronics,1,499
1111,9/22/2023,Rahul Mehta,Printer,Electronics,5,8999
1112,6/22/2023,Amit Sharma,Notebook,Stationery,4,99
1113,10/11/2023,Rohit Gupta,Notebook,Stationery,2,99
1114,11/16/2023,Rohit Gupta,Marker,Stationery,2,35
1115,10/7/2023,Priya Singh,Mouse,Electronics,1,499
1116,11/4/2023,Priya Singh,Smartphone,Electronics,4,15999
1117,10/16/2023,Anjali Chauhan,Marker,Stationery,2,35
1118,6/27/2023,Rahul Mehta,Marker,Stationery,5,35
1119,3/25/2023,Neha Verma,Pen,Stationery,4,20
1120,4/27/2023,Rohit Gupta,Marker,Stationery,5,35
1121,5/21/2023,Neha Verma,Pen,Stationery,5,20
1122,11/29/2023,Amit Sharma,Desk,Furniture,3,3499
1123,6/26/2023,Neha Verma,Notebook,Stationery,3,99
1124,6/5/2023,Priya Singh,Desk,Furniture,1,3499
1125,8/10/2023,Amit Sharma,Laptop,Electronics,3,45999
1126,2/21/2023,Neha Verma,Laptop,Electronics,5,45999
1127,7/10/2023,Neha Verma,Pen,Stationery,4,20
1128,10/18/2023,Amit Sharma,Headphones,Electronics,1,1299
1129,12/5/2023,Rahul Mehta,Marker,Stationery,4,35
1130,6/1/2023,Neha Verma,Mouse,Electronics,2,499
1131,8/25/2023,Priya Singh,Marker,Stationery,3,35
1132,8/17/2023,Neha Verma,Desk,Furniture,2,3499
1133,12/13/2023,Rohit Gupta,Notebook,Stationery,3,99
1134,7/11/2023,Amit Sharma,Smartphone,Electronics,3,15999
1135,11/22/2023,Rahul Mehta,Headphones,Electronics,5,1299
1136,1/12/2023,Rohit Gupta,Desk,Furniture,5,3499
1137,1/2/2023,Priya Singh,Laptop,Electronics,3,45999
1138,12/4/2023,Amit Sharma,Laptop,Electronics,1,45999
1139,11/16/2023,Priya Singh,Chair,Furniture,3,1999
1140,6/24/2023,Rohit Gupta,Printer,Electronics,5,8999
1141,3/18/2023,Rahul Mehta,Pen,Stationery,4,20
1142,2/9/2023,Rohit Gupta,Smartphone,Electronics,3,15999
1143,11/3/2023,Neha Verma,Printer,Electronics,4,8999
1144,10/27/2023,Neha Verma,Smartphone,Electronics,4,15999
1145,5/5/2023,Priya Singh,Smartphone,Electronics,4,15999
1146,4/16/2023,Rohit Gupta,Notebook,Stationery,1,99
1147,10/8/2023,Anjali Chauhan,Smartphone,Electronics,4,15999
1148,9/22/2023,Priya Singh,Desk,Furniture,1,3499
1149,6/24/2023,Rohit Gupta,Marker,Stationery,4,35
1150,12/16/2023,Rohit Gupta,Smartphone,Electronics,5,15999
1151,10/8/2023,Priya Singh,Pen,Stationery,4,20
1152,6/7/2023,Amit Sharma,Notebook,Stationery,2,99
1153,10/31/2023,Amit Sharma,Laptop,Electronics,2,45999
1154,1/5/2023,Rohit Gupta,Marker,Stationery,5,35
1155,5/6/2023,Priya Singh,Smartphone,Electronics,5,15999
1156,2/1/2023,Rahul Mehta,Pen,Stationery,3,20
1157,1/18/2023,Neha Verma,Laptop,Electronics,4,45999
1158,5/8/2023,Anjali Chauhan,Chair,Furniture,1,1999
1159,8/11/2023,Neha Verma,Marker,Stationery,2,35
1160,7/25/2023,Rahul Mehta,Smartphone,Electronics,1,15999
1161,10/9/2023,Priya Singh,Chair,Furniture,5,1999
1162,5/31/2023,Neha Verma,Headphones,Electronics,1,1299
1163,7/24/2023,Amit Sharma,Mouse,Electronics,4,499
1164,3/19/2023,Priya Singh,Smartphone,Electronics,1,15999
1165,11/5/2023,Rohit Gupta,Smartphone,Electronics,3,15999
1166,4/9/2023,Neha Verma,Notebook,Stationery,5,99
1167,12/5/2023,Anjali Chauhan,Marker,Stationery,1,35
1168,6/23/2023,Amit Sharma,Notebook,Stationery,4,99
1169,2/23/2023,Rahul Mehta,Chair,Furniture,1,1999
1170,4/12/2023,Rahul Mehta,Smartphone,Electronics,3,15999
1171,7/9/2023,Rohit Gupta,Notebook,Stationery,3,99
1172,7/9/2023,Neha Verma,Marker,Stationery,3,35
1173,12/18/2023,Neha Verma,Mouse,Electronics,3,499
1174,5/26/2023,Priya Singh,Marker,Stationery,2,35
1175,4/10/2023,Amit Sharma,Chair,Furniture,5,1999
1176,3/17/2023,Anjali Chauhan,Mouse,Electronics,2,499
1177,7/30/2023,Rohit Gupta,Notebook,Stationery,4,99
1178,8/30/2023,Rohit Gupta,Laptop,Electronics,3,45999
1179,6/18/2023,Rohit Gupta,Desk,Furniture,5,3499
1180,5/9/2023,Rahul Mehta,Mouse,Electronics,5,499
1181,3/10/2023,Priya Singh,Laptop,Electronics,1,45999
1182,10/13/2023,Anjali Chauhan,Smartphone,Electronics,4,15999
1183,10/2/2023,Rahul Mehta,Laptop,Electronics,5,45999
1184,9/5/2023,Amit Sharma,Pen,Stationery,5,20
1185,1/16/2023,Amit Sharma,Chair,Furniture,3,1999
1186,12/26/2023,Rohit Gupta,Notebook,Stationery,1,99
1187,1/15/2023,Neha Verma,Mouse,Electronics,3,499
1188,5/6/2023,Rahul Mehta,Desk,Furniture,4,3499
1189,9/19/2023,Rohit Gupta,Marker,Stationery,3,35
1190,10/28/2023,Rohit Gupta,Laptop,Electronics,2,45999
1191,8/31/2023,Rahul Mehta,Notebook,Stationery,2,99
1192,2/19/2023,Amit Sharma,Notebook,Stationery,5,99
1193,10/10/2023,Rahul Mehta,Laptop,Electronics,5,45999
1194,4/22/2023,Amit Sharma,Pen,Stationery,1,20
1195,9/16/2023,Amit Sharma,Notebook,Stationery,3,99
1196,9/11/2023,Priya Singh,Mouse,Electronics,2,499
1197,12/26/2023,Rahul Mehta,Desk,Furniture,4,3499
1198,1/21/2023,Neha Verma,Notebook,Stationery,4,99
1199,7/25/2023,Amit Sharma,Printer,Electronics,2,8999
1200,2/20/2023,Neha Verma,Headphones,Electronics,4,1299
1201,9/17/2023,Priya Singh,Marker,Stationery,5,35
1202,10/5/2023,Anjali Chauhan,Chair,Furniture,2,1999
1203,8/23/2023,Rahul Mehta,Laptop,Electronics,2,45999
1204,5/19/2023,Rohit Gupta,Smartphone,Electronics,4,15999
1205,7/17/2023,Anjali Chauhan,Pen,Stationery,4,20
1206,3/19/2023,Rahul Mehta,Pen,Stationery,5,20
1207,4/15/2023,Amit Sharma,Smartphone,Electronics,5,15999
1208,3/8/2023,Neha Verma,Printer,Electronics,2,8999
1209,7/5/2023,Amit Sharma,Mouse,Electronics,2,499
1210,5/14/2023,Priya Singh,Mouse,Electronics,3,499
1211,10/9/2023,Amit Sharma,Desk,Furniture,5,3499
1212,10/30/2023,Rahul Mehta,Laptop,Electronics,3,45999
1213,10/26/2023,Anjali Chauhan,Printer,Electronics,5,8999
1214,8/23/2023,Priya Singh,Smartphone,Electronics,4,15999
1215,6/16/2023,Rohit Gupta,Notebook,Stationery,1,99
1216,9/6/2023,Rahul Mehta,Notebook,Stationery,5,99
1217,1/27/2023,Rahul Mehta,Mouse,Electronics,2,499
1218,8/8/2023,Rohit Gupta,Marker,Stationery,4,35
1219,7/5/2023,Rahul Mehta,Marker,Stationery,4,35
1220,9/8/2023,Rohit Gupta,Pen,Stationery,2,20
1221,1/22/2023,Neha Verma,Notebook,Stationery,4,99
1222,10/23/2023,Amit Sharma,Pen,Stationery,4,20
1223,5/9/2023,Rahul Mehta,Smartphone,Electronics,1,15999
1224,11/29/2023,Priya Singh,Headphones,Electronics,4,1299
1225,8/18/2023,Rahul Mehta,Chair,Furniture,5,1999
1226,10/18/2023,Priya Singh,Printer,Electronics,2,8999
1227,2/3/2023,Neha Verma,Notebook,Stationery,1,99
1228,11/23/2023,Priya Singh,Desk,Furniture,5,3499
1229,12/12/2023,Anjali Chauhan,Notebook,Stationery,2,99
1230,9/23/2023,Rahul Mehta,Mouse,Electronics,1,499
1231,8/12/2023,Rahul Mehta,Smartphone,Electronics,2,15999
1232,7/16/2023,Anjali Chauhan,Mouse,Electronics,4,499
1233,2/3/2023,Rohit Gupta,Desk,Furniture,5,3499
1234,8/5/2023,Neha Verma,Mouse,Electronics,2,499
1235,2/5/2023,Priya Singh,Printer,Electronics,4,8999
1236,1/17/2023,Anjali Chauhan,Chair,Furniture,4,1999
1237,9/5/2023,Anjali Chauhan,Mouse,Electronics,2,499
1238,9/18/2023,Amit Sharma,Smartphone,Electronics,4,15999
1239,4/18/2023,Anjali Chauhan,Chair,Furniture,3,1999
1240,7/3/2023,Neha Verma,Mouse,Electronics,4,499
1241,9/22/2023,Rahul Mehta,Headphones,Electronics,1,1299
1242,10/16/2023,Amit Sharma,Desk,Furniture,3,3499
1243,12/27/2023,Amit Sharma,Smartphone,Electronics,5,15999
1244,9/2/2023,Rahul Mehta,Smartphone,Electronics,5,15999
1245,9/28/2023,Rahul Mehta,Headphones,Electronics,3,1299
1246,6/8/2023,Rahul Mehta,Desk,Furniture,2,3499
1247,12/5/2023,Rahul Mehta,Pen,Stationery,3,20
1248,4/4/2023,Rahul Mehta,Notebook,Stationery,3,99
1249,2/25/2023,Priya Singh,Headphones,Electronics,4,1299
1250,1/22/2023,Priya Singh,Chair,Furniture,3,1999
1251,8/24/2023,Rohit Gupta,Marker,Stationery,4,35
1252,7/10/2023,Amit Sharma,Desk,Furniture,4,3499
1253,4/1/2023,Anjali Chauhan,Desk,Furniture,3,3499
1254,9/5/2023,Priya Singh,Desk,Furniture,3,3499
1255,11/14/2023,Rohit Gupta,Desk,Furniture,3,3499
1256,2/16/2023,Rahul Mehta,Smartphone,Electronics,3,15999
1257,5/9/2023,Rahul Mehta,Chair,Furniture,3,1999
1258,6/14/2023,Priya Singh,Headphones,Electronics,2,1299
1259,11/16/2023,Neha Verma,Notebook,Stationery,1,99
1260,9/14/2023,Neha Verma,Notebook,Stationery,4,99
1261,12/18/2023,Priya Singh,Chair,Furniture,1,1999
1262,1/15/2023,Anjali Chauhan,Pen,Stationery,2,20
1263,2/9/2023,Rohit Gupta,Marker,Stationery,4,35
1264,8/5/2023,Neha Verma,Pen,Stationery,5,20
1265,4/17/2023,Anjali Chauhan,Smartphone,Electronics,5,15999
1266,7/25/2023,Anjali Chauhan,Laptop,Electronics,4,45999
1267,4/6/2023,Rohit Gupta,Headphones,Electronics,5,1299
1268,2/27/2023,Amit Sharma,Headphones,Electronics,5,1299
1269,9/1/2023,Anjali Chauhan,Printer,Electronics,2,8999
1270,11/26/2023,Neha Verma,Mouse,Electronics,3,499
1271,6/3/2023,Amit Sharma,Pen,Stationery,1,20
1272,9/12/2023,Priya Singh,Desk,Furniture,2,3499
1273,4/17/2023,Anjali Chauhan,Laptop,Electronics,2,45999
1274,8/30/2023,Neha Verma,Printer,Electronics,1,8999
1275,9/15/2023,Rahul Mehta,Desk,Furniture,3,3499
1276,3/11/2023,Anjali Chauhan,Chair,Furniture,1,1999
1277,4/11/2023,Neha Verma,Laptop,Electronics,3,45999
1278,4/29/2023,Rohit Gupta,Printer,Electronics,5,8999
1279,9/29/2023,Neha Verma,Laptop,Electronics,2,45999
1280,10/1/2023,Anjali Chauhan,Laptop,Electronics,5,45999
1281,5/5/2023,Amit Sharma,Printer,Electronics,5,8999
1282,8/17/2023,Priya Singh,Marker,Stationery,2,35
1283,10/26/2023,Amit Sharma,Printer,Electronics,4,8999
1284,6/20/2023,Rohit Gupta,Printer,Electronics,1,8999
1285,9/19/2023,Anjali Chauhan,Mouse,Electronics,1,499
1286,2/21/2023,Amit Sharma,Mouse,Electronics,4,499
1287,4/22/2023,Amit Sharma,Headphones,Electronics,4,1299
1288,7/26/2023,Rohit Gupta,Pen,Stationery,1,20
1289,6/3/2023,Neha Verma,Desk,Furniture,1,3499
1290,6/10/2023,Amit Sharma,Smartphone,Electronics,5,15999
1291,10/2/2023,Rahul Mehta,Mouse,Electronics,4,499
1292,11/5/2023,Rahul Mehta,Desk,Furniture,1,3499
1293,2/12/2023,Priya Singh,Desk,Furniture,1,3499
1294,8/1/2023,Amit Sharma,Marker,Stationery,2,35
1295,11/4/2023,Neha Verma,Laptop,Electronics,5,45999
1296,5/26/2023,Rohit Gupta,Notebook,Stationery,3,99
1297,5/6/2023,Priya Singh,Headphones,Electronics,3,1299
1298,2/5/2023,Amit Sharma,Notebook,Stationery,5,99
1299,8/22/2023,Anjali Chauhan,Marker,Stationery,2,35
1300,8/31/2023,Neha Verma,Smartphone,Electronics,2,15999
1301,2/24/2023,Rohit Gupta,Notebook,Stationery,3,99
1302,3/1/2023,Anjali Chauhan,Laptop,Electronics,1,45999
1303,6/20/2023,Neha Verma,Laptop,Electronics,5,45999
1304,10/30/2023,Anjali Chauhan,Printer,Electronics,1,8999
1305,5/5/2023,Rohit Gupta,Smartphone,Electronics,4,15999
1306,12/19/2023,Priya Singh,Laptop,Electronics,4,45999
1307,12/10/2023,Neha Verma,Chair,Furniture,1,1999
1308,7/17/2023,Anjali Chauhan,Smartphone,Electronics,3,15999
1309,12/18/2023,Rahul Mehta,Desk,Furniture,5,3499
1310,8/8/2023,Rahul Mehta,Chair,Furniture,2,1999
1311,10/16/2023,Anjali Chauhan,Desk,Furniture,3,3499
1312,9/8/2023,Neha Verma,Headphones,Electronics,2,1299
1313,4/27/2023,Priya Singh,Printer,Electronics,4,8999
1314,8/12/2023,Anjali Chauhan,Smartphone,Electronics,1,15999
1315,8/16/2023,Rahul Mehta,Smartphone,Electronics,4,15999
1316,10/23/2023,Amit Sharma,Desk,Furniture,5,3499
1317,9/21/2023,Priya Singh,Marker,Stationery,2,35
1318,12/15/2023,Neha Verma,Notebook,Stationery,1,99
1319,6/29/2023,Anjali Chauhan,Headphones,Electronics,2,1299
1320,11/27/2023,Rohit Gupta,Printer,Electronics,3,8999
1321,6/12/2023,Priya Singh,Printer,Electronics,5,8999
1322,5/27/2023,Amit Sharma,Printer,Electronics,3,8999
1323,5/28/2023,Amit Sharma,Notebook,Stationery,3,99
1324,5/26/2023,Rahul Mehta,Laptop,Electronics,4,45999
1325,3/4/2023,Rohit Gupta,Marker,Stationery,1,35
1326,2/18/2023,Rohit Gupta,Printer,Electronics,5,8999
1327,10/10/2023,Anjali Chauhan,Pen,Stationery,4,20
1328,10/30/2023,Anjali Chauhan,Desk,Furniture,4,3499
1329,5/23/2023,Neha Verma,Laptop,Electronics,3,45999
1330,12/8/2023,Anjali Chauhan,Smartphone,Electronics,2,15999
1331,7/2/2023,Neha Verma,Printer,Electronics,4,8999
1332,12/17/2023,Priya Singh,Headphones,Electronics,4,1299
1333,10/6/2023,Rahul Mehta,Smartphone,Electronics,5,15999
1334,7/3/2023,Priya Singh,Chair,Furniture,5,1999
1335,7/1/2023,Amit Sharma,Marker,Stationery,5,35
1336,8/13/2023,Rohit Gupta,Laptop,Electronics,5,45999
1337,11/13/2023,Rohit Gupta,Chair,Furniture,4,1999
1338,7/12/2023,Priya Singh,Laptop,Electronics,4,45999
1339,9/8/2023,Amit Sharma,Printer,Electronics,1,8999
1340,8/16/2023,Rahul Mehta,Headphones,Electronics,3,1299
1341,2/15/2023,Rahul Mehta,Smartphone,Electronics,5,15999
1342,1/21/2023,Rahul Mehta,Notebook,Stationery,2,99
1343,12/21/2023,Rohit Gupta,Pen,Stationery,4,20
1344,2/22/2023,Rahul Mehta,Headphones,Electronics,3,1299
1345,11/28/2023,Priya Singh,Chair,Furniture,2,1999
1346,10/14/2023,Priya Singh,Smartphone,Electronics,2,15999
1347,5/5/2023,Anjali Chauhan,Notebook,Stationery,4,99
1348,3/8/2023,Neha Verma,Pen,Stationery,3,20
1349,3/7/2023,Anjali Chauhan,Pen,Stationery,4,20
1350,10/25/2023,Rohit Gupta,Headphones,Electronics,2,1299
1351,6/12/2023,Rahul Mehta,Headphones,Electronics,5,1299
1352,7/26/2023,Amit Sharma,Laptop,Electronics,4,45999
1353,6/15/2023,Anjali Chauhan,Desk,Furniture,5,3499
1354,7/9/2023,Anjali Chauhan,Marker,Stationery,1,35
1355,12/24/2023,Neha Verma,Mouse,Electronics,4,499
1356,5/26/2023,Rohit Gupta,Pen,Stationery,2,20
1357,12/29/2023,Neha Verma,Marker,Stationery,2,35
1358,1/19/2023,Neha Verma,Printer,Electronics,5,8999
1359,12/14/2023,Rahul Mehta,Headphones,Electronics,4,1299
1360,7/31/2023,Neha Verma,Chair,Furniture,3,1999
1361,11/29/2023,Rohit Gupta,Printer,Electronics,2,8999
1362,12/10/2023,Rohit Gupta,Notebook,Stationery,3,99
1363,8/15/2023,Rahul Mehta,Mouse,Electronics,4,499
1364,8/23/2023,Neha Verma,Mouse,Electronics,4,499
1365,2/2/2023,Rohit Gupta,Pen,Stationery,4,20
1366,7/2/2023,Anjali Chauhan,Headphones,Electronics,4,1299
1367,8/23/2023,Neha Verma,Notebook,Stationery,5,99
1368,12/14/2023,Neha Verma,Notebook,Stationery,1,99
1369,11/30/2023,Amit Sharma,Printer,Electronics,4,8999
1370,3/26/2023,Rahul Mehta,Desk,Furniture,4,3499
1371,8/9/2023,Rahul Mehta,Chair,Furniture,3,1999
1372,10/21/2023,Neha Verma,Printer,Electronics,4,8999
1373,5/5/2023,Rohit Gupta,Smartphone,Electronics,2,15999
1374,10/15/2023,Neha Verma,Smartphone,Electronics,5,15999
1375,6/4/2023,Neha Verma,Chair,Furniture,5,1999
1376,10/1/2023,Priya Singh,Chair,Furniture,1,1999
1377,12/29/2023,Priya Singh,Pen,Stationery,2,20
1378,8/10/2023,Neha Verma,Desk,Furniture,2,3499
1379,10/25/2023,Anjali Chauhan,Smartphone,Electronics,2,15999
1380,8/28/2023,Neha Verma,Pen,Stationery,2,20
1381,10/19/2023,Amit Sharma,Pen,Stationery,1,20
1382,8/15/2023,Amit Sharma,Marker,Stationery,1,35
1383,11/17/2023,Amit Sharma,Pen,Stationery,2,20
1384,6/29/2023,Priya Singh,Pen,Stationery,1,20
1385,11/8/2023,Anjali Chauhan,Laptop,Electronics,4,45999
1386,8/6/2023,Rohit Gupta,Laptop,Electronics,4,45999
1387,2/1/2023,Neha Verma,Notebook,Stationery,5,99
1388,7/31/2023,Neha Verma,Headphones,Electronics,1,1299
1389,3/7/2023,Neha Verma,Notebook,Stationery,5,99
1390,8/21/2023,Anjali Chauhan,Printer,Electronics,5,8999
1391,3/15/2023,Rohit Gupta,Marker,Stationery,2,35
1392,12/29/2023,Rohit Gupta,Printer,Electronics,4,8999
1393,5/5/2023,Anjali Chauhan,Desk,Furniture,4,3499
1394,12/10/2023,Anjali Chauhan,Pen,Stationery,1,20
1395,5/29/2023,Amit Sharma,Mouse,Electronics,4,499
1396,4/29/2023,Amit Sharma,Pen,Stationery,2,20
1397,5/10/2023,Rahul Mehta,Smartphone,Electronics,3,15999
1398,6/30/2023,Neha Verma,Chair,Furniture,4,1999
1399,7/6/2023,Priya Singh,Chair,Furniture,5,1999
1400,4/18/2023,Rohit Gupta,Headphones,Electronics,2,1299
1401,11/22/2023,Amit Sharma,Notebook,Stationery,4,99
1402,5/21/2023,Amit Sharma,Desk,Furniture,2,3499
1403,2/10/2023,Anjali Chauhan,Pen,Stationery,2,20
1404,9/27/2023,Neha Verma,Notebook,Stationery,1,99
1405,7/30/2023,Priya Singh,Smartphone,Electronics,5,15999
1406,10/4/2023,Amit Sharma,Desk,Furniture,5,3499
1407,7/26/2023,Priya Singh,Chair,Furniture,4,1999
1408,9/22/2023,Priya Singh,Pen,Stationery,3,20
1409,3/25/2023,Anjali Chauhan,Headphones,Electronics,3,1299
1410,4/13/2023,Anjali Chauhan,Notebook,Stationery,4,99
1411,12/7/2023,Amit Sharma,Printer,Electronics,4,8999
1412,1/3/2023,Priya Singh,Printer,Electronics,1,8999
1413,10/9/2023,Rohit Gupta,Chair,Furniture,3,1999
1414,12/20/2023,Priya Singh,Headphones,Electronics,4,1299
1415,2/4/2023,Priya Singh,Laptop,Electronics,3,45999
1416,2/28/2023,Anjali Chauhan,Marker,Stationery,2,35
1417,5/20/2023,Neha Verma,Pen,Stationery,4,20
1418,12/19/2023,Amit Sharma,Mouse,Electronics,4,499
1419,3/25/2023,Neha Verma,Marker,Stationery,3,35
1420,9/10/2023,Neha Verma,Headphones,Electronics,1,1299
1421,8/12/2023,Rohit Gupta,Desk,Furniture,4,3499
1422,7/12/2023,Rohit Gupta,Desk,Furniture,5,3499
1423,5/5/2023,Rohit Gupta,Chair,Furniture,4,1999
1424,11/14/2023,Neha Verma,Chair,Furniture,4,1999
1425,4/27/2023,Neha Verma,Pen,Stationery,3,20
1426,5/14/2023,Rahul Mehta,Smartphone,Electronics,5,15999
1427,1/7/2023,Neha Verma,Laptop,Electronics,3,45999
1428,5/6/2023,Amit Sharma,Chair,Furniture,3,1999
1429,3/31/2023,Rohit Gupta,Mouse,Electronics,5,499
1430,3/29/2023,Rahul Mehta,Laptop,Electronics,5,45999
1431,8/18/2023,Anjali Chauhan,Notebook,Stationery,3,99
1432,2/28/2023,Rahul Mehta,Laptop,Electronics,2,45999
1433,3/12/2023,Anjali Chauhan,Mouse,Electronics,5,499
1434,10/28/2023,Amit Sharma,Mouse,Electronics,1,499
1435,7/3/2023,Anjali Chauhan,Printer,Electronics,3,8999
1436,2/6/2023,Neha Verma,Laptop,Electronics,2,45999
1437,12/19/2023,Priya Singh,Printer,Electronics,1,8999
1438,6/11/2023,Neha Verma,Pen,Stationery,5,20
1439,7/16/2023,Rohit Gupta,Chair,Furniture,3,1999
1440,3/10/2023,Amit Sharma,Notebook,Stationery,3,99
1441,6/12/2023,Rohit Gupta,Mouse,Electronics,3,499
1442,11/8/2023,Neha Verma,Laptop,Electronics,4,45999
1443,1/30/2023,Rohit Gupta,Mouse,Electronics,2,499
1444,3/14/2023,Anjali Chauhan,Printer,Electronics,4,8999
1445,5/17/2023,Anjali Chauhan,Desk,Furniture,1,3499
1446,2/10/2023,Amit Sharma,Smartphone,Electronics,4,15999
1447,6/17/2023,Rohit Gupta,Marker,Stationery,3,35
1448,12/28/2023,Neha Verma,Headphones,Electronics,1,1299
1449,7/12/2023,Rohit Gupta,Smartphone,Electronics,4,15999
1450,3/21/2023,Neha Verma,Notebook,Stationery,3,99
1451,6/14/2023,Neha Verma,Notebook,Stationery,2,99
1452,8/13/2023,Priya Singh,Laptop,Electronics,4,45999
1453,4/29/2023,Amit Sharma,Laptop,Electronics,5,45999
1454,7/4/2023,Rahul Mehta,Desk,Furniture,3,3499
1455,2/23/2023,Amit Sharma,Headphones,Electronics,1,1299
1456,1/10/2023,Amit Sharma,Marker,Stationery,2,35
1457,1/1/2023,Rohit Gupta,Headphones,Electronics,1,1299
1458,9/7/2023,Rohit Gupta,Notebook,Stationery,3,99
1459,3/7/2023,Anjali Chauhan,Pen,Stationery,4,20
1460,8/24/2023,Priya Singh,Pen,Stationery,5,20
1461,12/5/2023,Neha Verma,Chair,Furniture,3,1999
1462,6/29/2023,Priya Singh,Smartphone,Electronics,3,15999
1463,2/17/2023,Priya Singh,Smartphone,Electronics,3,15999
1464,2/24/2023,Neha Verma,Notebook,Stationery,3,99
1465,2/9/2023,Priya Singh,Notebook,Stationery,1,99
1466,12/8/2023,Neha Verma,Desk,Furniture,2,3499
1467,10/12/2023,Rohit Gupta,Notebook,Stationery,4,99
1468,8/19/2023,Anjali Chauhan,Printer,Electronics,1,8999
1469,12/18/2023,Rahul Mehta,Smartphone,Electronics,4,15999
1470,2/21/2023,Priya Singh,Printer,Electronics,5,8999
1471,11/20/2023,Rahul Mehta,Pen,Stationery,5,20
1472,7/16/2023,Rohit Gupta,Pen,Stationery,4,20
1473,1/23/2023,Anjali Chauhan,Headphones,Electronics,3,1299
1474,6/4/2023,Anjali Chauhan,Printer,Electronics,4,8999
1475,2/3/2023,Priya Singh,Mouse,Electronics,5,499
1476,4/26/2023,Rohit Gupta,Notebook,Stationery,1,99
1477,7/14/2023,Anjali Chauhan,Chair,Furniture,4,1999
1478,10/11/2023,Rahul Mehta,Printer,Electronics,1,8999
1479,12/30/2023,Rohit Gupta,Printer,Electronics,5,8999
1480,2/26/2023,Rahul Mehta,Notebook,Stationery,1,99
1481,3/4/2023,Priya Singh,Laptop,Electronics,1,45999
1482,4/28/2023,Neha Verma,Notebook,Stationery,2,99
1483,10/26/2023,Neha Verma,Printer,Electronics,1,8999
1484,4/15/2023,Rohit Gupta,Laptop,Electronics,3,45999
1485,12/10/2023,Priya Singh,Chair,Furniture,4,1999
1486,4/7/2023,Rohit Gupta,Chair,Furniture,4,1999
1487,6/19/2023,Amit Sharma,Mouse,Electronics,3,499
1488,11/15/2023,Anjali Chauhan,Marker,Stationery,3,35
1489,9/10/2023,Anjali Chauhan,Laptop,Electronics,2,45999
1490,7/11/2023,Amit Sharma,Notebook,Stationery,1,99
1491,6/14/2023,Rahul Mehta,Printer,Electronics,4,8999
1492,5/16/2023,Anjali Chauhan,Desk,Furniture,3,3499
1493,2/19/2023,Anjali Chauhan,Laptop,Electronics,1,45999
1494,10/23/2023,Rahul Mehta,Headphones,Electronics,2,1299
1495,5/20/2023,Priya Singh,Notebook,Stationery,3,99
1496,1/29/2023,Amit Sharma,Marker,Stationery,3,35
1497,7/11/2023,Neha Verma,Desk,Furniture,4,3499
1498,7/2/2023,Anjali Chauhan,Marker,Stationery,3,35
1499,3/17/2023,Rahul Mehta,Notebook,Stationery,3,99
1500,12/25/2023,Neha Verma,Desk,Furniture,4,3499
1501,2/26/2023,Anjali Chauhan,Headphones,Electronics,2,1299
1502,9/29/2023,Neha Verma,Smartphone,Electronics,4,15999
1503,3/7/2023,Neha Verma,Marker,Stationery,3,35
1504,11/13/2023,Rohit Gupta,Notebook,Stationery,1,99
1505,11/16/2023,Rahul Mehta,Pen,Stationery,1,20
1506,10/3/2023,Anjali Chauhan,Printer,Electronics,4,8999
1507,10/29/2023,Amit Sharma,Printer,Electronics,4,8999
1508,10/30/2023,Anjali Chauhan,Marker,Stationery,4,35
1509,4/12/2023,Neha Verma,Mouse,Electronics,1,499
1510,11/10/2023,Rohit Gupta,Smartphone,Electronics,1,15999
1511,3/24/2023,Anjali Chauhan,Printer,Electronics,5,8999
1512,2/25/2023,Neha Verma,Headphones,Electronics,3,1299
1513,3/30/2023,Amit Sharma,Desk,Furniture,2,3499
1514,2/4/2023,Rahul Mehta,Chair,Furniture,3,1999
1515,8/7/2023,Rahul Mehta,Smartphone,Electronics,4,15999
1516,9/10/2023,Rohit Gupta,Chair,Furniture,5,1999
1517,12/28/2023,Rohit Gupta,Desk,Furniture,2,3499
1518,10/2/2023,Priya Singh,Desk,Furniture,2,3499
1519,4/5/2023,Rohit Gupta,Laptop,Electronics,4,45999
1520,3/3/2023,Priya Singh,Notebook,Stationery,2,99
1521,5/6/2023,Neha Verma,Pen,Stationery,2,20
1522,4/23/2023,Rohit Gupta,Printer,Electronics,3,8999
1523,10/29/2023,Amit Sharma,Printer,Electronics,2,8999
1524,9/5/2023,Priya Singh,Headphones,Electronics,4,1299
1525,2/4/2023,Neha Verma,Chair,Furniture,2,1999
1526,10/2/2023,Rahul Mehta,Smartphone,Electronics,5,15999
1527,2/23/2023,Rahul Mehta,Headphones,Electronics,4,1299
1528,6/13/2023,Amit Sharma,Marker,Stationery,2,35
1529,9/12/2023,Anjali Chauhan,Pen,Stationery,1,20
1530,11/19/2023,Neha Verma,Mouse,Electronics,2,499
1531,9/28/2023,Amit Sharma,Mouse,Electronics,3,499
1532,9/6/2023,Neha Verma,Printer,Electronics,4,8999
1533,5/26/2023,Anjali Chauhan,Notebook,Stationery,5,99
1534,10/18/2023,Neha Verma,Printer,Electronics,5,8999
1535,12/25/2023,Anjali Chauhan,Mouse,Electronics,3,499
1536,9/29/2023,Rohit Gupta,Notebook,Stationery,2,99
1537,12/24/2023,Anjali Chauhan,Chair,Furniture,4,1999
1538,3/22/2023,Anjali Chauhan,Chair,Furniture,2,1999
1539,12/22/2023,Amit Sharma,Pen,Stationery,5,20
1540,8/22/2023,Priya Singh,Laptop,Electronics,3,45999
1541,10/27/2023,Rahul Mehta,Pen,Stationery,1,20
1542,12/2/2023,Priya Singh,Smartphone,Electronics,2,15999
1543,9/19/2023,Rohit Gupta,Notebook,Stationery,2,99
1544,4/16/2023,Anjali Chauhan,Notebook,Stationery,3,99
1545,2/20/2023,Anjali Chauhan,Desk,Furniture,2,3499
1546,1/19/2023,Rahul Mehta,Notebook,Stationery,3,99
1547,7/13/2023,Neha Verma,Marker,Stationery,5,35
1548,10/31/2023,Anjali Chauhan,Desk,Furniture,5,3499
1549,12/26/2023,Amit Sharma,Marker,Stationery,1,35
1550,8/2/2023,Rohit Gupta,Mouse,Electronics,3,499
1551,8/30/2023,Amit Sharma,Marker,Stationery,5,35
1552,11/20/2023,Neha Verma,Chair,Furniture,3,1999
1553,3/10/2023,Neha Verma,Headphones,Electronics,4,1299
1554,8/17/2023,Neha Verma,Printer,Electronics,3,8999
1555,3/6/2023,Anjali Chauhan,Printer,Electronics,5,8999
1556,8/24/2023,Rohit Gupta,Desk,Furniture,4,3499
1557,10/22/2023,Amit Sharma,Mouse,Electronics,2,499
1558,10/23/2023,Rahul Mehta,Pen,Stationery,1,20
1559,2/17/2023,Priya Singh,Laptop,Electronics,3,45999
1560,9/18/2023,Priya Singh,Laptop,Electronics,1,45999
1561,4/27/2023,Rohit Gupta,Laptop,Electronics,2,45999
1562,6/27/2023,Priya Singh,Pen,Stationery,2,20
1563,2/19/2023,Rahul Mehta,Laptop,Electronics,1,45999
1564,2/14/2023,Amit Sharma,Chair,Furniture,3,1999
1565,12/16/2023,Priya Singh,Printer,Electronics,2,8999
1566,4/16/2023,Anjali Chauhan,Marker,Stationery,2,35
1567,3/14/2023,Amit Sharma,Headphones,Electronics,3,1299
1568,12/16/2023,Amit Sharma,Mouse,Electronics,5,499
1569,9/10/2023,Priya Singh,Smartphone,Electronics,5,15999
1570,6/20/2023,Rahul Mehta,Chair,Furniture,1,1999
1571,6/27/2023,Rohit Gupta,Desk,Furniture,3,3499
1572,8/10/2023,Rahul Mehta,Marker,Stationery,3,35
1573,7/13/2023,Neha Verma,Mouse,Electronics,5,499
1574,8/29/2023,Amit Sharma,Smartphone,Electronics,5,15999
1575,8/18/2023,Anjali Chauhan,Headphones,Electronics,4,1299
1576,5/21/2023,Neha Verma,Marker,Stationery,2,35
1577,4/22/2023,Rohit Gupta,Pen,Stationery,2,20
1578,4/9/2023,Anjali Chauhan,Smartphone,Electronics,1,15999
1579,7/23/2023,Rahul Mehta,Chair,Furniture,2,1999
1580,7/19/2023,Rohit Gupta,Notebook,Stationery,1,99
1581,11/13/2023,Neha Verma,Notebook,Stationery,1,99
1582,4/7/2023,Priya Singh,Notebook,Stationery,2,99
1583,12/31/2023,Rohit Gupta,Notebook,Stationery,4,99
1584,2/27/2023,Anjali Chauhan,Headphones,Electronics,3,1299
1585,8/7/2023,Rohit Gupta,Chair,Furniture,4,1999
1586,7/23/2023,Neha Verma,Printer,Electronics,1,8999
1587,7/25/2023,Neha Verma,Notebook,Stationery,4,99
1588,8/4/2023,Rohit Gupta,Chair,Furniture,1,1999
1589,12/19/2023,Rohit Gupta,Smartphone,Electronics,2,15999
1590,9/21/2023,Neha Verma,Notebook,Stationery,5,99
1591,12/18/2023,Rahul Mehta,Smartphone,Electronics,2,15999
1592,2/11/2023,Neha Verma,Mouse,Electronics,2,499
1593,5/1/2023,Rahul Mehta,Notebook,Stationery,5,99
1594,6/3/2023,Amit Sharma,Smartphone,Electronics,5,15999
1595,4/10/2023,Rohit Gupta,Headphones,Electronics,3,1299
1596,10/19/2023,Anjali Chauhan,Marker,Stationery,4,35
1597,1/18/2023,Rahul Mehta,Laptop,Electronics,5,45999
1598,8/20/2023,Anjali Chauhan,Mouse,Electronics,2,499
1599,6/16/2023,Amit Sharma,Smartphone,Electronics,5,15999
1600,5/2/2023,Rahul Mehta,Laptop,Electronics,5,45999
1601,1/3/2023,Neha Verma,Chair,Furniture,1,1999
1602,8/13/2023,Rohit Gupta,Pen,Stationery,4,20
1603,4/25/2023,Rahul Mehta,Smartphone,Electronics,3,15999
1604,4/5/2023,Priya Singh,Smartphone,Electronics,1,15999
1605,12/24/2023,Rohit Gupta,Notebook,Stationery,3,99
1606,6/15/2023,Amit Sharma,Headphones,Electronics,5,1299
1607,3/23/2023,Rahul Mehta,Mouse,Electronics,1,499
1608,5/21/2023,Rohit Gupta,Notebook,Stationery,3,99
1609,4/20/2023,Amit Sharma,Pen,Stationery,3,20
1610,5/2/2023,Rahul Mehta,Chair,Furniture,4,1999
1611,11/29/2023,Anjali Chauhan,Mouse,Electronics,1,499
1612,1/5/2023,Amit Sharma,Marker,Stationery,4,35
1613,11/28/2023,Rahul Mehta,Notebook,Stationery,4,99
1614,3/25/2023,Rahul Mehta,Smartphone,Electronics,3,15999
1615,9/25/2023,Anjali Chauhan,Notebook,Stationery,2,99
1616,7/10/2023,Rahul Mehta,Pen,Stationery,4,20
1617,7/31/2023,Rohit Gupta,Desk,Furniture,4,3499
1618,5/7/2023,Rahul Mehta,Headphones,Electronics,5,1299
1619,10/30/2023,Neha Verma,Desk,Furniture,5,3499
1620,1/7/2023,Priya Singh,Chair,Furniture,2,1999
1621,8/31/2023,Neha Verma,Marker,Stationery,2,35
1622,7/23/2023,Priya Singh,Headphones,Electronics,4,1299
1623,3/4/2023,Rahul Mehta,Printer,Electronics,5,8999
1624,8/16/2023,Neha Verma,Smartphone,Electronics,5,15999
1625,3/18/2023,Anjali Chauhan,Mouse,Electronics,4,499
1626,6/4/2023,Amit Sharma,Chair,Furniture,5,1999
1627,12/7/2023,Amit Sharma,Smartphone,Electronics,3,15999
1628,11/27/2023,Anjali Chauhan,Smartphone,Electronics,2,15999
1629,7/8/2023,Neha Verma,Pen,Stationery,3,20
1630,2/26/2023,Neha Verma,Notebook,Stationery,3,99
1631,5/7/2023,Amit Sharma,Marker,Stationery,5,35
1632,6/27/2023,Amit Sharma,Desk,Furniture,2,3499
1633,10/16/2023,Rahul Mehta,Pen,Stationery,5,20
1634,10/9/2023,Neha Verma,Printer,Electronics,2,8999
1635,9/11/2023,Priya Singh,Laptop,Electronics,5,45999
1636,12/12/2023,Rahul Mehta,Laptop,Electronics,5,45999
1637,4/29/2023,Priya Singh,Mouse,Electronics,2,499
1638,4/30/2023,Anjali Chauhan,Chair,Furniture,4,1999
1639,1/23/2023,Anjali Chauhan,Chair,Furniture,2,1999
1640,12/25/2023,Rahul Mehta,Printer,Electronics,3,8999
1641,12/16/2023,Neha Verma,Desk,Furniture,5,3499
1642,6/4/2023,Anjali Chauhan,Smartphone,Electronics,4,15999
1643,12/22/2023,Anjali Chauhan,Mouse,Electronics,3,499
1644,9/30/2023,Amit Sharma,Pen,Stationery,2,20
1645,8/28/2023,Neha Verma,Laptop,Electronics,3,45999
1646,4/13/2023,Neha Verma,Mouse,Electronics,2,499
1647,9/10/2023,Amit Sharma,Printer,Electronics,5,8999
1648,1/14/2023,Amit Sharma,Printer,Electronics,4,8999
1649,6/20/2023,Rahul Mehta,Notebook,Stationery,3,99
1650,3/26/2023,Neha Verma,Smartphone,Electronics,5,15999
1651,10/23/2023,Amit Sharma,Printer,Electronics,1,8999
1652,11/16/2023,Anjali Chauhan,Notebook,Stationery,1,99
1653,4/25/2023,Neha Verma,Marker,Stationery,4,35
1654,5/9/2023,Amit Sharma,Mouse,Electronics,4,499
1655,10/10/2023,Rahul Mehta,Marker,Stationery,3,35
1656,4/25/2023,Amit Sharma,Mouse,Electronics,3,499
1657,7/5/2023,Rohit Gupta,Mouse,Electronics,2,499
1658,8/28/2023,Priya Singh,Smartphone,Electronics,5,15999
1659,7/1/2023,Neha Verma,Notebook,Stationery,3,99
1660,6/15/2023,Priya Singh,Printer,Electronics,2,8999
1661,10/27/2023,Anjali Chauhan,Smartphone,Electronics,4,15999
1662,4/23/2023,Priya Singh,Desk,Furniture,5,3499
1663,4/4/2023,Anjali Chauhan,Laptop,Electronics,2,45999
1664,5/19/2023,Rohit Gupta,Desk,Furniture,4,3499
1665,1/28/2023,Priya Singh,Smartphone,Electronics,2,15999
1666,8/21/2023,Rohit Gupta,Notebook,Stationery,1,99
1667,9/21/2023,Anjali Chauhan,Pen,Stationery,5,20
1668,9/25/2023,Rahul Mehta,Headphones,Electronics,2,1299
1669,3/27/2023,Rahul Mehta,Headphones,Electronics,3,1299
1670,4/25/2023,Rohit Gupta,Headphones,Electronics,2,1299
1671,12/20/2023,Anjali Chauhan,Mouse,Electronics,1,499
1672,10/12/2023,Neha Verma,Chair,Furniture,2,1999
1673,9/23/2023,Amit Sharma,Chair,Furniture,3,1999
1674,11/28/2023,Rohit Gupta,Desk,Furniture,5,3499
1675,5/28/2023,Neha Verma,Notebook,Stationery,1,99
1676,12/19/2023,Amit Sharma,Pen,Stationery,1,20
1677,1/28/2023,Neha Verma,Marker,Stationery,1,35
1678,4/24/2023,Priya Singh,Laptop,Electronics,5,45999
1679,3/28/2023,Amit Sharma,Laptop,Electronics,2,45999
1680,7/25/2023,Priya Singh,Laptop,Electronics,2,45999
1681,3/9/2023,Anjali Chauhan,Pen,Stationery,1,20
1682,10/25/2023,Amit Sharma,Mouse,Electronics,1,499
1683,10/30/2023,Priya Singh,Mouse,Electronics,4,499
1684,7/16/2023,Priya Singh,Chair,Furniture,3,1999
1685,7/29/2023,Rahul Mehta,Laptop,Electronics,1,45999
1686,1/27/2023,Rohit Gupta,Mouse,Electronics,4,499
1687,8/19/2023,Neha Verma,Desk,Furniture,4,3499
1688,11/23/2023,Priya Singh,Printer,Electronics,5,8999
1689,4/3/2023,Priya Singh,Marker,Stationery,2,35
1690,11/26/2023,Anjali Chauhan,Notebook,Stationery,3,99
1691,11/4/2023,Priya Singh,Laptop,Electronics,4,45999
1692,12/6/2023,Rahul Mehta,Laptop,Electronics,2,45999
1693,9/25/2023,Priya Singh,Mouse,Electronics,3,499
1694,5/26/2023,Anjali Chauhan,Chair,Furniture,5,1999
1695,12/13/2023,Neha Verma,Desk,Furniture,4,3499
1696,10/31/2023,Priya Singh,Chair,Furniture,5,1999
1697,12/12/2023,Priya Singh,Printer,Electronics,5,8999
1698,10/12/2023,Neha Verma,Printer,Electronics,4,8999
1699,7/8/2023,Neha Verma,Notebook,Stationery,5,99
1700,11/19/2023,Amit Sharma,Pen,Stationery,2,20
1701,6/9/2023,Priya Singh,Notebook,Stationery,2,99
1702,11/24/2023,Priya Singh,Printer,Electronics,4,8999
1703,4/9/2023,Neha Verma,Notebook,Stationery,4,99
1704,7/23/2023,Amit Sharma,Marker,Stationery,5,35
1705,5/28/2023,Rahul Mehta,Chair,Furniture,2,1999
1706,2/2/2023,Rahul Mehta,Notebook,Stationery,5,99
1707,1/7/2023,Priya Singh,Smartphone,Electronics,1,15999
1708,5/28/2023,Amit Sharma,Notebook,Stationery,3,99
1709,5/4/2023,Neha Verma,Smartphone,Electronics,1,15999
1710,2/6/2023,Amit Sharma,Desk,Furniture,3,3499
1711,11/8/2023,Amit Sharma,Headphones,Electronics,5,1299
1712,11/23/2023,Neha Verma,Notebook,Stationery,3,99
1713,2/22/2023,Rahul Mehta,Mouse,Electronics,2,499
1714,2/22/2023,Neha Verma,Notebook,Stationery,2,99
1715,2/7/2023,Rahul Mehta,Marker,Stationery,5,35
1716,5/9/2023,Rohit Gupta,Chair,Furniture,1,1999
1717,6/19/2023,Priya Singh,Laptop,Electronics,1,45999
1718,5/18/2023,Rohit Gupta,Marker,Stationery,3,35
1719,6/17/2023,Neha Verma,Marker,Stationery,5,35
1720,1/23/2023,Anjali Chauhan,Laptop,Electronics,2,45999
1721,8/11/2023,Amit Sharma,Pen,Stationery,5,20
1722,4/28/2023,Neha Verma,Marker,Stationery,3,35
1723,11/30/2023,Neha Verma,Desk,Furniture,5,3499
1724,1/27/2023,Anjali Chauhan,Headphones,Electronics,2,1299
1725,7/19/2023,Amit Sharma,Chair,Furniture,4,1999
1726,8/26/2023,Neha Verma,Headphones,Electronics,4,1299
1727,1/27/2023,Priya Singh,Desk,Furniture,5,3499
1728,1/9/2023,Rahul Mehta,Desk,Furniture,4,3499
1729,2/1/2023,Neha Verma,Mouse,Electronics,1,499
1730,9/29/2023,Priya Singh,Printer,Electronics,2,8999
1731,9/6/2023,Amit Sharma,Printer,Electronics,2,8999
1732,10/24/2023,Amit Sharma,Laptop,Electronics,1,45999
1733,9/20/2023,Neha Verma,Headphones,Electronics,3,1299
1734,1/30/2023,Neha Verma,Pen,Stationery,5,20
1735,9/14/2023,Neha Verma,Chair,Furniture,5,1999
1736,6/19/2023,Neha Verma,Desk,Furniture,5,3499
1737,2/27/2023,Rahul Mehta,Headphones,Electronics,3,1299
1738,8/6/2023,Rohit Gupta,Printer,Electronics,4,8999
1739,6/7/2023,Amit Sharma,Notebook,Stationery,1,99
1740,5/26/2023,Amit Sharma,Mouse,Electronics,4,499
1741,6/5/2023,Anjali Chauhan,Headphones,Electronics,2,1299
1742,10/6/2023,Amit Sharma,Headphones,Electronics,1,1299
1743,3/13/2023,Amit Sharma,Notebook,Stationery,1,99
1744,5/12/2023,Amit Sharma,Chair,Furniture,2,1999
1745,11/3/2023,Priya Singh,Desk,Furniture,2,3499
1746,11/9/2023,Amit Sharma,Desk,Furniture,5,3499
1747,1/17/2023,Amit Sharma,Marker,Stationery,5,35
1748,9/10/2023,Neha Verma,Laptop,Electronics,3,45999
1749,6/24/2023,Neha Verma,Laptop,Electronics,5,45999
1750,3/9/2023,Neha Verma,Notebook,Stationery,5,99
1751,9/8/2023,Anjali Chauhan,Notebook,Stationery,4,99
1752,3/13/2023,Anjali Chauhan,Laptop,Electronics,5,45999
1753,8/6/2023,Priya Singh,Smartphone,Electronics,4,15999
1754,7/10/2023,Neha Verma,Chair,Furniture,4,1999
1755,11/12/2023,Rahul Mehta,Chair,Furniture,4,1999
1756,11/18/2023,Priya Singh,Headphones,Electronics,4,1299
1757,5/28/2023,Rohit Gupta,Chair,Furniture,4,1999
1758,8/8/2023,Neha Verma,Smartphone,Electronics,3,15999
1759,3/19/2023,Rahul Mehta,Printer,Electronics,2,8999
1760,11/25/2023,Amit Sharma,Notebook,Stationery,4,99
1761,7/15/2023,Priya Singh,Laptop,Electronics,4,45999
1762,7/16/2023,Amit Sharma,Headphones,Electronics,3,1299
1763,12/18/2023,Amit Sharma,Headphones,Electronics,3,1299
1764,4/17/2023,Priya Singh,Printer,Electronics,3,8999
1765,4/9/2023,Amit Sharma,Pen,Stationery,3,20
1766,11/26/2023,Priya Singh,Laptop,Electronics,5,45999
1767,5/28/2023,Neha Verma,Mouse,Electronics,1,499
1768,7/12/2023,Neha Verma,Smartphone,Electronics,3,15999
1769,5/24/2023,Amit Sharma,Pen,Stationery,4,20
1770,9/28/2023,Anjali Chauhan,Pen,Stationery,1,20
1771,1/26/2023,Rahul Mehta,Pen,Stationery,3,20
1772,2/28/2023,Anjali Chauhan,Chair,Furniture,3,1999
1773,9/28/2023,Neha Verma,Mouse,Electronics,2,499
1774,5/13/2023,Amit Sharma,Pen,Stationery,5,20
1775,1/2/2023,Rahul Mehta,Pen,Stationery,4,20
1776,7/31/2023,Anjali Chauhan,Headphones,Electronics,5,1299
1777,11/26/2023,Amit Sharma,Printer,Electronics,3,8999
1778,2/20/2023,Neha Verma,Laptop,Electronics,5,45999
1779,8/21/2023,Anjali Chauhan,Headphones,Electronics,5,1299
1780,5/1/2023,Rahul Mehta,Chair,Furniture,3,1999
1781,5/8/2023,Rohit Gupta,Desk,Furniture,1,3499
1782,10/22/2023,Rahul Mehta,Chair,Furniture,5,1999
1783,12/30/2023,Amit Sharma,Chair,Furniture,5,1999
1784,12/31/2023,Anjali Chauhan,Mouse,Electronics,2,499
1785,9/12/2023,Rohit Gupta,Smartphone,Electronics,4,15999
1786,12/27/2023,Priya Singh,Marker,Stationery,3,35
1787,6/7/2023,Neha Verma,Laptop,Electronics,5,45999
1788,7/10/2023,Rohit Gupta,Headphones,Electronics,4,1299
1789,5/24/2023,Priya Singh,Headphones,Electronics,3,1299
1790,7/24/2023,Neha Verma,Laptop,Electronics,5,45999
1791,7/4/2023,Anjali Chauhan,Pen,Stationery,3,20
1792,5/14/2023,Anjali Chauhan,Laptop,Electronics,5,45999
1793,10/13/2023,Anjali Chauhan,Headphones,Electronics,3,1299
1794,10/5/2023,Amit Sharma,Notebook,Stationery,5,99
1795,1/5/2023,Rohit Gupta,Marker,Stationery,3,35
1796,6/25/2023,Priya Singh,Notebook,Stationery,2,99
1797,12/3/2023,Rahul Mehta,Headphones,Electronics,3,1299
1798,4/29/2023,Priya Singh,Headphones,Electronics,5,1299
1799,1/23/2023,Rohit Gupta,Marker,Stationery,4,35
1800,5/11/2023,Neha Verma,Marker,Stationery,1,35
1801,11/15/2023,Amit Sharma,Marker,Stationery,1,35
1802,12/19/2023,Rohit Gupta,Laptop,Electronics,1,45999
1803,9/5/2023,Amit Sharma,Chair,Furniture,2,1999
1804,3/22/2023,Rahul Mehta,Laptop,Electronics,5,45999
1805,1/3/2023,Priya Singh,Marker,Stationery,2,35
1806,9/10/2023,Priya Singh,Pen,Stationery,3,20
1807,5/22/2023,Rohit Gupta,Marker,Stationery,2,35
1808,7/27/2023,Anjali Chauhan,Headphones,Electronics,4,1299
1809,8/14/2023,Rohit Gupta,Pen,Stationery,1,20
1810,2/16/2023,Anjali Chauhan,Desk,Furniture,2,3499
1811,3/12/2023,Anjali Chauhan,Marker,Stationery,5,35
1812,3/4/2023,Priya Singh,Pen,Stationery,1,20
1813,6/3/2023,Neha Verma,Marker,Stationery,1,35
1814,10/28/2023,Amit Sharma,Smartphone,Electronics,2,15999
1815,8/17/2023,Neha Verma,Notebook,Stationery,4,99
1816,1/14/2023,Amit Sharma,Laptop,Electronics,2,45999
1817,9/24/2023,Amit Sharma,Pen,Stationery,5,20
1818,9/18/2023,Neha Verma,Laptop,Electronics,1,45999
1819,4/20/2023,Rohit Gupta,Marker,Stationery,3,35
1820,7/20/2023,Rahul Mehta,Laptop,Electronics,1,45999
1821,8/20/2023,Anjali Chauhan,Marker,Stationery,5,35
1822,8/16/2023,Neha Verma,Laptop,Electronics,2,45999
1823,4/17/2023,Rohit Gupta,Notebook,Stationery,5,99
1824,4/16/2023,Anjali Chauhan,Marker,Stationery,5,35
1825,1/15/2023,Anjali Chauhan,Laptop,Electronics,4,45999
1826,12/3/2023,Neha Verma,Pen,Stationery,3,20
1827,5/20/2023,Priya Singh,Headphones,Electronics,1,1299
1828,6/4/2023,Rahul Mehta,Smartphone,Electronics,4,15999
1829,12/1/2023,Rohit Gupta,Headphones,Electronics,3,1299
1830,8/29/2023,Rohit Gupta,Desk,Furniture,1,3499
1831,8/14/2023,Anjali Chauhan,Laptop,Electronics,4,45999
1832,5/19/2023,Amit Sharma,Chair,Furniture,5,1999
1833,7/23/2023,Amit Sharma,Laptop,Electronics,3,45999
1834,12/22/2023,Anjali Chauhan,Printer,Electronics,3,8999
1835,1/19/2023,Neha Verma,Headphones,Electronics,4,1299
1836,4/15/2023,Anjali Chauhan,Printer,Electronics,1,8999
1837,6/13/2023,Neha Verma,Smartphone,Electronics,3,15999
1838,2/20/2023,Rahul Mehta,Mouse,Electronics,4,499
1839,10/26/2023,Amit Sharma,Chair,Furniture,2,1999
1840,1/12/2023,Rahul Mehta,Mouse,Electronics,3,499
1841,11/28/2023,Rohit Gupta,Laptop,Electronics,2,45999
1842,10/11/2023,Rahul Mehta,Pen,Stationery,5,20
1843,9/8/2023,Rohit Gupta,Mouse,Electronics,4,499
1844,1/24/2023,Amit Sharma,Marker,Stationery,4,35
1845,12/26/2023,Anjali Chauhan,Laptop,Electronics,4,45999
1846,4/3/2023,Priya Singh,Headphones,Electronics,5,1299
1847,3/3/2023,Neha Verma,Marker,Stationery,4,35
1848,6/27/2023,Neha Verma,Chair,Furniture,5,1999
1849,10/14/2023,Amit Sharma,Smartphone,Electronics,3,15999
1850,4/14/2023,Rahul Mehta,Pen,Stationery,4,20
1851,1/28/2023,Rohit Gupta,Printer,Electronics,4,8999
1852,8/4/2023,Priya Singh,Laptop,Electronics,4,45999
1853,7/23/2023,Amit Sharma,Smartphone,Electronics,1,15999
1854,12/5/2023,Anjali Chauhan,Printer,Electronics,3,8999
1855,5/1/2023,Priya Singh,Headphones,Electronics,4,1299
1856,3/13/2023,Priya Singh,Notebook,Stationery,2,99
1857,4/4/2023,Neha Verma,Mouse,Electronics,1,499
1858,8/24/2023,Rohit Gupta,Smartphone,Electronics,2,15999
1859,4/6/2023,Rohit Gupta,Mouse,Electronics,4,499
1860,2/8/2023,Priya Singh,Smartphone,Electronics,5,15999
1861,4/3/2023,Priya Singh,Headphones,Electronics,3,1299
1862,10/5/2023,Anjali Chauhan,Laptop,Electronics,4,45999
1863,7/3/2023,Rahul Mehta,Marker,Stationery,5,35
1864,10/12/2023,Amit Sharma,Mouse,Electronics,1,499
1865,10/16/2023,Rahul Mehta,Headphones,Electronics,3,1299
1866,8/22/2023,Amit Sharma,Desk,Furniture,1,3499
1867,7/13/2023,Rohit Gupta,Headphones,Electronics,2,1299
1868,6/28/2023,Rohit Gupta,Pen,Stationery,1,20
1869,4/11/2023,Neha Verma,Chair,Furniture,5,1999
1870,12/2/2023,Priya Singh,Desk,Furniture,5,3499
1871,6/11/2023,Rohit Gupta,Smartphone,Electronics,2,15999
1872,3/4/2023,Priya Singh,Chair,Furniture,1,1999
1873,9/15/2023,Rahul Mehta,Smartphone,Electronics,3,15999
1874,5/22/2023,Anjali Chauhan,Mouse,Electronics,1,499
1875,11/5/2023,Priya Singh,Headphones,Electronics,4,1299
1876,7/9/2023,Neha Verma,Marker,Stationery,1,35
1877,2/18/2023,Neha Verma,Pen,Stationery,2,20
1878,11/18/2023,Rahul Mehta,Headphones,Electronics,5,1299
1879,5/14/2023,Amit Sharma,Mouse,Electronics,2,499
1880,3/12/2023,Neha Verma,Chair,Furniture,3,1999
1881,5/13/2023,Rahul Mehta,Laptop,Electronics,1,45999
1882,2/15/2023,Rahul Mehta,Headphones,Electronics,5,1299
1883,7/6/2023,Neha Verma,Laptop,Electronics,2,45999
1884,10/26/2023,Priya Singh,Pen,Stationery,1,20
1885,7/19/2023,Rahul Mehta,Printer,Electronics,2,8999
1886,10/18/2023,Rahul Mehta,Marker,Stationery,1,35
1887,11/24/2023,Amit Sharma,Headphones,Electronics,3,1299
1888,10/22/2023,Neha Verma,Laptop,Electronics,4,45999
1889,5/10/2023,Amit Sharma,Desk,Furniture,4,3499
1890,4/15/2023,Neha Verma,Smartphone,Electronics,3,15999
1891,9/30/2023,Rohit Gupta,Laptop,Electronics,3,45999
1892,9/26/2023,Rohit Gupta,Smartphone,Electronics,1,15999
1893,3/22/2023,Neha Verma,Mouse,Electronics,4,499
1894,8/27/2023,Neha Verma,Notebook,Stationery,2,99
1895,11/4/2023,Rohit Gupta,Mouse,Electronics,4,499
1896,10/19/2023,Rahul Mehta,Headphones,Electronics,4,1299
1897,5/1/2023,Anjali Chauhan,Mouse,Electronics,4,499
1898,1/3/2023,Rahul Mehta,Headphones,Electronics,4,1299
1899,7/13/2023,Priya Singh,Notebook,Stationery,2,99
1900,2/27/2023,Amit Sharma,Printer,Electronics,2,8999
1901,4/9/2023,Anjali Chauhan,Printer,Electronics,4,8999
1902,10/19/2023,Priya Singh,Laptop,Electronics,3,45999
1903,11/4/2023,Neha Verma,Smartphone,Electronics,3,15999
1904,8/13/2023,Priya Singh,Headphones,Electronics,2,1299
1905,6/22/2023,Priya Singh,Pen,Stationery,3,20
1906,6/26/2023,Anjali Chauhan,Printer,Electronics,5,8999
1907,10/30/2023,Amit Sharma,Desk,Furniture,2,3499
1908,7/8/2023,Rahul Mehta,Pen,Stationery,2,20
1909,5/8/2023,Neha Verma,Notebook,Stationery,2,99
1910,5/23/2023,Neha Verma,Printer,Electronics,5,8999
1911,8/3/2023,Neha Verma,Notebook,Stationery,5,99
1912,2/22/2023,Amit Sharma,Smartphone,Electronics,5,15999
1913,9/11/2023,Amit Sharma,Chair,Furniture,5,1999
1914,9/1/2023,Rahul Mehta,Laptop,Electronics,5,45999
1915,12/24/2023,Rohit Gupta,Chair,Furniture,2,1999
1916,4/24/2023,Anjali Chauhan,Mouse,Electronics,2,499
1917,11/6/2023,Neha Verma,Desk,Furniture,1,3499
1918,12/27/2023,Rohit Gupta,Headphones,Electronics,2,1299
1919,10/5/2023,Neha Verma,Desk,Furniture,2,3499
1920,6/26/2023,Rohit Gupta,Desk,Furniture,3,3499
1921,10/17/2023,Neha Verma,Chair,Furniture,1,1999
1922,10/26/2023,Rohit Gupta,Mouse,Electronics,4,499
1923,11/13/2023,Neha Verma,Laptop,Electronics,4,45999
1924,7/15/2023,Anjali Chauhan,Printer,Electronics,5,8999
1925,11/14/2023,Priya Singh,Marker,Stationery,5,35
1926,7/26/2023,Neha Verma,Notebook,Stationery,4,99
1927,4/13/2023,Neha Verma,Marker,Stationery,1,35
1928,8/10/2023,Anjali Chauhan,Pen,Stationery,5,20
1929,1/5/2023,Anjali Chauhan,Pen,Stationery,1,20
1930,11/6/2023,Priya Singh,Desk,Furniture,1,3499
1931,7/7/2023,Rohit Gupta,Mouse,Electronics,3,499
1932,5/9/2023,Priya Singh,Mouse,Electronics,4,499
1933,2/16/2023,Rohit Gupta,Pen,Stationery,5,20
1934,3/17/2023,Rahul Mehta,Marker,Stationery,1,35
1935,7/14/2023,Rohit Gupta,Desk,Furniture,1,3499
1936,10/11/2023,Rohit Gupta,Printer,Electronics,5,8999
1937,10/15/2023,Anjali Chauhan,Smartphone,Electronics,3,15999
1938,6/18/2023,Rohit Gupta,Pen,Stationery,3,20
1939,9/23/2023,Rahul Mehta,Mouse,Electronics,4,499
1940,12/14/2023,Rahul Mehta,Printer,Electronics,5,8999
1941,9/13/2023,Priya Singh,Mouse,Electronics,2,499
1942,1/2/2023,Amit Sharma,Notebook,Stationery,2,99
1943,12/26/2023,Anjali Chauhan,Marker,Stationery,3,35
1944,7/12/2023,Priya Singh,Smartphone,Electronics,5,15999
1945,10/17/2023,Rohit Gupta,Pen,Stationery,3,20
1946,8/30/2023,Amit Sharma,Chair,Furniture,4,1999
1947,8/29/2023,Amit Sharma,Notebook,Stationery,5,99
1948,5/22/2023,Neha Verma,Desk,Furniture,2,3499
1949,9/6/2023,Anjali Chauhan,Laptop,Electronics,5,45999
1950,9/22/2023,Neha Verma,Laptop,Electronics,2,45999
1951,2/28/2023,Rahul Mehta,Desk,Furniture,5,3499
1952,8/25/2023,Priya Singh,Notebook,Stationery,5,99
1953,3/28/2023,Rahul Mehta,Pen,Stationery,4,20
1954,12/21/2023,Priya Singh,Notebook,Stationery,2,99
1955,2/22/2023,Neha Verma,Headphones,Electronics,3,1299
1956,7/17/2023,Rahul Mehta,Marker,Stationery,2,35
1957,10/29/2023,Rahul Mehta,Headphones,Electronics,5,1299
1958,9/16/2023,Rahul Mehta,Pen,Stationery,5,20
1959,8/25/2023,Rahul Mehta,Chair,Furniture,1,1999
1960,8/9/2023,Amit Sharma,Smartphone,Electronics,3,15999
1961,5/5/2023,Anjali Chauhan,Headphones,Electronics,3,1299
1962,4/21/2023,Priya Singh,Headphones,Electronics,4,1299
1963,3/8/2023,Priya Singh,Pen,Stationery,5,20
1964,6/27/2023,Priya Singh,Chair,Furniture,4,1999
1965,7/27/2023,Rohit Gupta,Mouse,Electronics,4,499
1966,3/27/2023,Amit Sharma,Headphones,Electronics,2,1299
1967,1/8/2023,Rahul Mehta,Headphones,Electronics,2,1299
1968,3/18/2023,Amit Sharma,Headphones,Electronics,2,1299
1969,1/24/2023,Amit Sharma,Printer,Electronics,1,8999
1970,11/9/2023,Priya Singh,Notebook,Stationery,1,99
1971,10/25/2023,Neha Verma,Marker,Stationery,1,35
1972,10/8/2023,Rahul Mehta,Smartphone,Electronics,5,15999
1973,3/11/2023,Rohit Gupta,Chair,Furniture,2,1999
1974,11/11/2023,Rahul Mehta,Chair,Furniture,5,1999
1975,12/30/2023,Neha Verma,Headphones,Electronics,2,1299
1976,10/24/2023,Anjali Chauhan,Notebook,Stationery,4,99
1977,6/12/2023,Amit Sharma,Headphones,Electronics,4,1299
1978,12/27/2023,Anjali Chauhan,Headphones,Electronics,5,1299
1979,7/4/2023,Rohit Gupta,Chair,Furniture,2,1999
1980,10/24/2023,Amit Sharma,Mouse,Electronics,5,499
1981,5/23/2023,Amit Sharma,Mouse,Electronics,5,499
1982,4/23/2023,Priya Singh,Desk,Furniture,5,3499
1983,12/10/2023,Anjali Chauhan,Marker,Stationery,3,35
1984,9/30/2023,Anjali Chauhan,Laptop,Electronics,2,45999
1985,7/5/2023,Neha Verma,Printer,Electronics,4,8999
1986,7/22/2023,Rahul Mehta,Desk,Furniture,2,3499
1987,9/7/2023,Amit Sharma,Chair,Furniture,5,1999
1988,5/29/2023,Neha Verma,Marker,Stationery,3,35
1989,5/26/2023,Rahul Mehta,Printer,Electronics,1,8999
1990,10/29/2023,Rahul Mehta,Printer,Electronics,4,8999
1991,12/20/2023,Anjali Chauhan,Pen,Stationery,2,20
1992,3/23/2023,Rohit Gupta,Mouse,Electronics,3,499
1993,8/14/2023,Anjali Chauhan,Smartphone,Electronics,5,15999
1994,9/12/2023,Rahul Mehta,Laptop,Electronics,5,45999
1995,8/13/2023,Priya Singh,Chair,Furniture,2,1999
1996,2/5/2023,Rahul Mehta,Chair,Furniture,4,1999
1997,7/4/2023,Rohit Gupta,Pen,Stationery,2,20
1998,10/1/2023,Rahul Mehta,Headphones,Electronics,2,1299
1999,7/29/2023,Priya Singh,Notebook,Stationery,5,99
2000,8/31/2023,Rohit Gupta,Laptop,Electronics,4,45999
